"11/12/2022 14:10:05",-,/,Milan,93.40.236.35
"11/12/2022 14:10:11",-,/home,Milan,93.40.236.35
"11/12/2022 14:10:15",-,/personaggi,Milan,93.40.236.35
"11/12/2022 14:10:16",-,/storia,Milan,93.40.236.35
"11/12/2022 14:11:19",/storia,/personaggi,Milan,93.40.236.35
"11/12/2022 14:11:20",/personaggi,/autori,Milan,93.40.236.35
"11/12/2022 14:11:21",/autori,/home,Milan,93.40.236.35
"11/12/2022 16:30:41",/,/,Milan,93.40.236.35
"11/12/2022 16:42:45",/,/,Milan,93.40.236.35
"11/12/2022 16:44:47",/,/,Milan,93.40.236.35
"11/12/2022 16:45:03",/,/,Milan,93.40.236.35
"11/12/2022 16:45:15",/,/,Milan,93.40.236.35
